,split0,split1,split2,split3,split4,split5,split6,split7,split8,split9,AVG
Accuracy,0.9928263988522238,0.9885222381635581,0.994261119081779,0.9956896551724138,0.9913793103448276,0.9841954022988506,0.9899425287356322,0.9985632183908046,0.9942528735632183,0.9913793103448276,0.9921012054948136
Precision,0.9913793103448276,0.9856733524355301,0.9942363112391931,0.9942528735632183,0.9913544668587896,0.9772727272727273,0.9885057471264368,0.9971264367816092,0.997093023255814,0.9885057471264368,0.9905399996004582
Recall,0.9942363112391931,0.9913544668587896,0.9942363112391931,0.9971181556195965,0.9913544668587896,0.9913544668587896,0.9913544668587896,1.0,0.9913294797687862,0.9942196531791907,0.9936557778481117
F1,0.9928057553956835,0.9885057471264368,0.9942363112391931,0.99568345323741,0.9913544668587896,0.9842632331902719,0.9899280575539569,0.9985611510791367,0.9942028985507246,0.9913544668587896,0.9920895541090392
AUC,0.9996624125154385,0.9995306710580485,0.9999011939069578,0.9998843959274336,0.9998018215898863,0.999273345829583,0.9996366729147915,0.9999091682286978,0.9999256812551611,0.9997563996696945,0.9997281762895692
