Name,Accuracy,Precision,Recall,F1,AUC
Decision Tree,0.981066,0.981081,0.981066,0.981069,0.981116
Random Forest,0.992853,0.992292,0.992286,0.992285,0.992077
KNN,0.986372,0.983182,0.989583,0.986372,0.984913
Logistic Regression,0.987686,0.983226,0.992188,0.987686,0.986215
Naive Bayes,0.751164,0.623176,0.945312,0.751164,0.63907
